lam,n,epi_abs,epi_rel,frac_transportable,mechanism,corr_add,gears_add,obs_add,lin_oracle,metric,gap,gap_lo,gap_hi
0.0,800,1.049285465417387e-15,1.1278129966037236e-15,0.5,0.9970875000000001,1.0,0.9934000000000002,1.0,1.0,AUROC,-0.0029124999999998735,-0.0067452007469655075,-0.0005956709956709272
0.25,800,0.029254658066590528,0.024409579431076953,0.5,0.99629375,1.0,0.99523125,1.0,1.0,AUROC,-0.003706250000000022,-0.008537656249999975,-0.0002284126984127369
0.5,800,0.09103094680154332,0.06202843898842343,0.5,0.98759375,0.9976937499999999,0.99665625,1.0,1.0,AUROC,-0.010099999999999887,-0.023393254901960748,-0.0014363921568628366
0.7,800,0.22642253580953364,0.11325238372491377,0.4425,0.9710293633300398,0.9817650933596818,0.9609966811076486,0.9960160624255783,0.9555971472726812,AUROC,-0.01073573002964201,-0.02611840789126512,0.004948423082723383
0.85,800,0.6070424434156648,0.18209639344724912,0.30375,0.9824604177287202,0.9829628151990012,0.9458592843791328,0.9988917702861448,0.8752946043989331,AUROC,-0.0005023974702810241,-0.011526496596293711,0.016767026225708834
