model,split,pearson_delta_top50,perturbench_rank,des,mode_collapse
noncausal,gene,0.07894603394275775,0.4577902109001449,0.4922641509433962,True
noncausal,condition,0.06766038660162314,0.4640167723390876,0.4802115469369766,True
causal,gene,0.27314762651104224,0.36432355216951373,0.5316981132075471,False
causal,condition,0.24790571503193376,0.40688118284710023,0.5340326134861172,True
jepa_only,gene,0.05451540241212573,0.48105271511616365,0.4642138364779874,True
jepa_only,condition,0.04702667173169323,0.4805263877909684,0.4606963420008815,True
jepa_causal,gene,0.3066273454648154,0.4019403606928159,0.5547169811320755,True
jepa_causal,condition,0.2705003889574848,0.4270885557428822,0.5477743499338916,True
