model,split,pearson_delta_top50,perturbench_rank,des,mae,spearman_lfc,spearman_effect,auprc,edistance,mode_collapse
causal,condition,0.3435946478580209,0.4568940858422275,0.586804759806082,0.0680006807804867,-0.0138580903956206,0.2801025684378946,0.0432487678175973,2.4596661364880346,True
fcn,condition,0.0859606264808211,0.4999935873668794,0.5352842661965623,0.0621962836237241,0.020023475403553,0.3903672006627882,0.062616315235024,2.875150002472407,True
noncausal,condition,0.22551776575076793,0.4833833130072295,0.5794446892904364,0.07322291970859045,-0.012993345768073344,0.2984861858331311,0.02412102919931701,6.456034229358573,True
ridge,condition,0.3838424515691032,0.3646584631600056,0.6511855442926399,0.0737604819948122,0.1076489228436805,0.4087780094331933,0.1122126895803147,0.185450169538992,False
causal,gene,0.3675277708558652,0.4404698133047636,0.5991823899371069,0.0550450460203324,-0.002387657890864,0.3455230515392942,0.0601144066993931,2.09397463598963,True
fcn,gene,0.1073315596814049,0.4999900799555581,0.5536477987421383,0.0489702280909942,0.043966675845227,0.4608795088850171,0.1153150017620434,2.2961938024910964,True
noncausal,gene,0.2056444104816887,0.4844354502708172,0.590377358490566,0.0571297099795872,-0.0025693374958267,0.3466714161321459,0.0428447549322308,5.107559457776242,True
ridge,gene,0.0193769181804172,0.5012499255996666,0.5059748427672957,0.0862126309181102,-0.0011163831771429,0.4483372383115206,0.093639052195035,0.1791490280330041,True
